"","building_id","floor_count","primary_use","square_feet","year_built","site_id"
"1",0,6,"Education",7432,2008,0
"2",1,6,"Education",2720,2004,0
"3",2,5,"Education",5376,1991,0
"4",3,7,"Education",23685,2002,0
"5",4,8,"Education",116607,1975,0
"6",5,5,"Education",8000,2000,0
"7",6,6,"Lodging/residential",27926,1981,0
"8",7,8,"Education",121074,1989,0
"9",8,7,"Education",60809,2003,0
"10",9,6,"Office",27000,2010,0
"11",10,8,"Entertainment/public assembly",370773,1991,0
"12",11,8,"Education",49073,1968,0
"13",12,6,"Lodging/residential",37100,1999,0
"14",13,7,"Education",99380,2000,0
"15",14,7,"Education",86250,2013,0
"16",15,6,"Office",83957,1974,0
"17",16,8,"Education",54644,1996,0
"18",17,6,"Office",15250,1980,0
"19",18,7,"Education",111891,1996,0
"20",19,6,"Office",18717,2004,0
"21",20,8,"Education",110272,1977,0
"22",21,6,"Office",7043,1990,0
"23",22,5,"Education",3569,1996,0
"24",23,8,"Education",130885,1985,0
"25",24,8,"Education",105545,2001,0
"26",25,7,"Office",103286,1969,0
"27",26,7,"Office",26953,2005,0
"28",27,6,"Lodging/residential",59200,1999,0
"29",28,6,"Office",52957,2016,0
"30",29,8,"Education",113866,2006,0
"31",30,7,"Education",93897,1999,0
"32",31,8,"Education",61904,2001,0
"33",32,7,"Office",48392,2005,0
"34",33,8,"Lodging/residential",38686,2002,0
"35",34,7,"Lodging/residential",42731,2002,0
"36",35,6,"Lodging/residential",41617,2002,0
"37",36,7,"Lodging/residential",53130,2002,0
"38",37,6,"Lodging/residential",53130,2002,0
"39",38,8,"Office",12769,2013,0
"40",39,7,"Office",64619,1969,0
"41",40,6,"Entertainment/public assembly",26944,2001,0
"42",41,6,"Office",93860,1968,0
"43",42,8,"Other",226506,1968,0
"44",43,6,"Retail",59071,1980,0
"45",44,5,"Retail",283,1985,0
"46",45,5,"Retail",15304,2016,0
"47",46,5,"Retail",9045,2016,0
"48",47,7,"Retail",31666,2008,0
"49",48,6,"Other",9569,1989,0
"50",49,7,"Lodging/residential",24456,1968,0
"51",50,5,"Other",4698,1981,0
"52",51,5,"Parking",387638,2014,0
"53",52,8,"Education",106523,1970,0
"54",53,8,"Office",87742,1971,0
"55",54,8,"Education",7867,2011,0
"56",55,6,"Office",16726,2011,0
"57",56,6,"Lodging/residential",60088,2013,0
"58",57,7,"Lodging/residential",65359,2013,0
"59",58,7,"Lodging/residential",83379,2013,0
"60",59,7,"Entertainment/public assembly",81337,2005,0
"61",60,7,"Education",81576,1997,0
"62",61,6,"Lodging/residential",38686,2001,0
"63",62,7,"Lodging/residential",42731,2001,0
"64",63,6,"Lodging/residential",41617,2001,0
"65",64,7,"Lodging/residential",53130,2001,0
"66",65,7,"Lodging/residential",53130,2001,0
"67",66,7,"Lodging/residential",37241,1981,0
"68",67,7,"Lodging/residential",24456,1968,0
"69",68,6,"Parking",487433,2007,0
"70",69,6,"Parking",387638,2000,0
"71",70,6,"Parking",387638,2007,0
"72",71,6,"Parking",387638,1998,0
"73",72,6,"Parking",387638,2002,0
"74",73,6,"Parking",387638,2008,0
"75",74,6,"Parking",387638,1997,0
"76",75,7,"Education",80942,2010,0
"77",76,8,"Education",128887,2009,0
"78",77,7,"Lodging/residential",24456,1968,0
"79",78,7,"Education",76257,2007,0
"80",79,8,"Office",36240,2010,0
"81",80,8,"Office",156111,2001,0
"82",81,5,"Other",3025,1979,0
"83",82,6,"Office",10743,1974,0
"84",83,5,"Other",2070,1996,0
"85",84,5,"Office",4038,1986,0
"86",85,7,"Lodging/residential",37241,1981,0
"87",86,6,"Education",10932,1986,0
"88",87,6,"Entertainment/public assembly",6412,2006,0
"89",88,8,"Entertainment/public assembly",76527,2007,0
"90",89,7,"Retail",161755,1996,0
"91",90,7,"Lodging/residential",59200,1999,0
"92",91,7,"Education",68094,2003,0
"93",92,6,"Office",10779,1970,0
"94",93,7,"Office",33370,1982,0
"95",94,6,"Education",29469,1968,0
"96",95,8,"Lodging/residential",200933,2006,0
"97",96,7,"Lodging/residential",200933,2006,0
"98",97,7,"Lodging/residential",187647,2007,0
"99",98,8,"Lodging/residential",200933,2007,0
"100",99,5,"Office",2260,2016,0
"101",100,7,"Lodging/residential",24456,1968,0
"102",101,7,"Office",18860,1986,0
"103",102,6,"Office",15876,1983,0
"104",103,6,"Education",21657,2016,0
"105",104,7,"Office",45330,2003,0
"106",105,5,"Education",50623,1963,1
"107",106,4,"Education",5374,1971,1
"108",107,10,"Education",97532,2005,1
"109",108,5,"Education",81580,1913,1
"110",109,6,"Education",56995,1953,1
"111",110,8,"Education",27814,2006,1
"112",111,7,"Education",118338,1909,1
"113",112,6,"Education",32206,1962,1
"114",113,9,"Education",100481,1958,1
"115",114,13,"Education",139683,1958,1
"116",115,6,"Education",129716,1968,1
"117",116,5,"Education",37265,1980,1
"118",117,4,"Education",15489,2004,1
"119",118,8,"Education",138316,1960,1
"120",119,7,"Education",91149,2007,1
"121",120,7,"Education",68211,1976,1
"122",121,9,"Education",150318,1906,1
"123",122,6,"Education",83043,1991,1
"124",123,6,"Education",61204,1989,1
"125",124,6,"Education",38319,1900,1
"126",125,6,"Education",16802,1995,1
"127",126,5,"Education",21539,2004,1
"128",127,6,"Lodging/residential",27071,1969,1
"129",128,7,"Lodging/residential",102774,1956,1
"130",129,7,"Lodging/residential",102957,1968,1
"131",130,16,"Lodging/residential",62893,1960,1
"132",131,7,"Lodging/residential",66661,1930,1
"133",132,8,"Lodging/residential",83108,1995,1
"134",133,8,"Lodging/residential",64723,1960,1
"135",134,8,"Lodging/residential",49589,1998,1
"136",135,10,"Lodging/residential",66532,1967,1
"137",136,9,"Lodging/residential",56467,1960,1
"138",137,6,"Entertainment/public assembly",64024,1967,1
"139",138,6,"Public services",118231,1978,1
"140",139,6,"Public services",56629,1900,1
"141",140,11,"Office",50020,1950,1
"142",141,5,"Office",44789,1919,1
"143",142,4,"Office",45348,1948,1
"144",143,4,"Office",40085,1977,1
"145",144,5,"Office",57673,1950,1
"146",145,4,"Office",14219,1967,1
"147",146,8,"Office",31614,1956,1
"148",147,7,"Office",82548,1977,1
"149",148,12,"Office",174601,1960,1
"150",149,8,"Office",81881,1960,1
"151",150,8,"Office",65657,1955,1
"152",151,8,"Office",30495,1997,1
"153",152,2,"Office",10301,1970,1
"154",153,3,"Office",16092,1965,1
"155",154,8,"Office",34455,1907,1
"156",155,8,"Office",51688,1930,1
"157",156,6,"Public services",43681,2007,2
"158",157,6,"Office",5258,1956,2
"159",158,5,"Office",10135,1973,2
"160",159,5,"Education",9788,1961,2
"161",160,5,"Entertainment/public assembly",15786,1959,2
"162",161,4,"Education",11329,1956,2
"163",162,7,"Education",98829,1968,2
"164",163,6,"Education",72102,1970,2
"165",164,5,"Warehouse/storage",12908,1979,2
"166",165,7,"Warehouse/storage",3877,1975,2
"167",166,7,"Lodging/residential",553210,2009,2
"168",167,7,"Lodging/residential",86323,1956,2
"169",168,8,"Education",183460,2005,2
"170",169,8,"Education",179559,2006,2
"171",170,6,"Retail",45224,1982,2
"172",171,6,"Office",131797,1968,2
"173",172,6,"Office",121440,1983,2
"174",173,6,"Education",90903,1959,2
"175",174,6,"Education",90900,1977,2
"176",175,6,"Education",111635,1989,2
"177",176,7,"Education",62238,1970,2
"178",177,8,"Entertainment/public assembly",167066,1989,2
"179",178,5,"Office",23392,1960,2
"180",179,7,"Food sales and service",24867,2012,2
"181",180,5,"Education",24586,1955,2
"182",181,7,"Education",148829,2014,2
"183",182,4,"Entertainment/public assembly",1022,1969,2
"184",183,8,"Education",132518,1992,2
"185",184,7,"Education",34171,1936,2
"186",185,6,"Education",84300,1941,2
"187",186,4,"Religious worship",1629,1948,2
"188",187,6,"Education",44203,1950,2
"189",188,5,"Office",23549,1941,2
"190",189,4,"Education",7481,1969,2
"191",190,6,"Education",137040,1957,2
"192",191,7,"Education",78268,1964,2
"193",192,7,"Education",151637,1983,2
"194",193,4,"Office",6203,1999,2
"195",194,6,"Office",155682,1962,2
"196",195,4,"Office",9703,1940,2
"197",196,7,"Entertainment/public assembly",40531,1977,2
"198",197,6,"Public services",102856,1954,2
"199",198,7,"Office",163959,2004,2
"200",199,6,"Parking",405083,2004,2
"201",200,7,"Entertainment/public assembly",143093,1964,2
"202",201,8,"Education",219608,1992,2
"203",202,7,"Lodging/residential",74682,2006,2
"204",203,8,"Lodging/residential",63348,2007,2
"205",204,7,"Lodging/residential",30949,1951,2
"206",205,6,"Lodging/residential",60086,2001,2
"207",206,9,"Public services",345837,1966,2
"208",207,6,"Public services",99700,1965,2
"209",208,7,"Healthcare",36904,1934,2
"210",209,8,"Education",193294,2006,2
"211",210,6,"Education",71248,2004,2
"212",211,6,"Education",48411,1990,2
"213",212,7,"Education",327256,2012,2
"214",213,6,"Education",49662,1964,2
"215",214,6,"Education",91273,1951,2
"216",215,7,"Lodging/residential",36406,1940,2
"217",216,7,"Education",137065,1964,2
"218",217,8,"Education",282946,2003,2
"219",218,7,"Public services",16411,1983,2
"220",219,6,"Education",96124,1959,2
"221",220,7,"Education",122592,1971,2
"222",221,8,"Education",204349,1993,2
"223",222,5,"Entertainment/public assembly",11935,1939,2
"224",223,11,"Education",261188,1975,2
"225",224,8,"Education",272278,1955,2
"226",225,7,"Lodging/residential",216526,1967,2
"227",226,7,"Office",74180,1930,2
"228",227,5,"Entertainment/public assembly",17132,1918,2
"229",228,8,"Lodging/residential",49108,1951,2
"230",229,7,"Education",140092,1989,2
"231",230,5,"Education",10334,1963,2
"232",231,6,"Education",33739,1939,2
"233",232,6,"Entertainment/public assembly",24345,1981,2
"234",233,5,"Education",25139,1970,2
"235",234,6,"Education",179167,1971,2
"236",235,6,"Education",9309,1970,2
"237",236,6,"Entertainment/public assembly",144086,1989,2
"238",237,6,"Public services",101262,1982,2
"239",238,6,"Office",45017,1986,2
"240",239,6,"Lodging/residential",106440,1963,2
"241",240,6,"Lodging/residential",111304,1964,2
"242",241,7,"Entertainment/public assembly",51999,1974,2
"243",242,7,"Parking",157113,1987,2
"244",243,5,"Parking",557217,2004,2
"245",244,6,"Education",95717,1950,2
"246",245,6,"Education",88486,1943,2
"247",246,8,"Office",202435,1967,2
"248",247,6,"Education",64560,1965,2
"249",248,6,"Education",24643,1982,2
"250",249,8,"Entertainment/public assembly",179449,1976,2
"251",250,6,"Education",131710,1991,2
"252",251,4,"Education",12773,1956,2
"253",252,4,"Education",4314,1907,2
"254",253,6,"Education",65907,1964,2
"255",254,8,"Entertainment/public assembly",254766,1989,2
"256",255,7,"Education",49078,1914,2
"257",256,5,"Education",16744,1960,2
"258",257,7,"Education",75650,1956,2
"259",258,7,"Education",71224,1957,2
"260",259,7,"Education",77469,1983,2
"261",260,6,"Education",126985,1979,2
"262",261,6,"Education",89770,1968,2
"263",262,5,"Entertainment/public assembly",20804,1999,2
"264",263,7,"Education",87673,1960,2
"265",264,6,"Office",83660,1973,2
"266",265,6,"Office",118966,1988,2
"267",266,6,"Education",30543,1966,2
"268",267,7,"Entertainment/public assembly",72193,2013,2
"269",268,6,"Entertainment/public assembly",77844,1958,2
"270",269,8,"Entertainment/public assembly",809530,1958,2
"271",270,5,"Office",29778,1965,2
"272",271,6,"Education",71421,1949,2
"273",272,5,"Education",4583,1972,2
"274",273,6,"Office",140345,1959,2
"275",274,6,"Office",42214,1985,2
"276",275,6,"Office",70832,2014,2
"277",276,6,"Office",70837,2014,2
"278",277,7,"Education",12761,1909,2
"279",278,8,"Office",148101,1960,2
"280",279,7,"Education",49384,1967,2
"281",280,6,"Entertainment/public assembly",105505,2008,2
"282",281,6,"Food sales and service",28862,1970,2
"283",282,5,"Office",28750,1966,2
"284",283,6,"Entertainment/public assembly",51920,1937,2
"285",284,8,"Entertainment/public assembly",230259,1975,2
"286",285,7,"Utility",21958,1982,2
"287",286,5,"Lodging/residential",32841,1935,2
"288",287,8,"Office",33713,1956,2
"289",288,5,"Entertainment/public assembly",10733,2005,2
"290",289,5,"Entertainment/public assembly",9666,2005,2
"291",290,6,"Office",51732,1966,2
"292",291,7,"Public services",90635,2011,3
"293",292,5,"Public services",33743,1959,3
"294",293,7,"Office",408000,2010,3
"295",294,4,"Entertainment/public assembly",14913,1970,3
"296",295,5,"Education",83400,1942,3
"297",296,4,"Public services",22000,1980,3
"298",297,5,"Education",66200,1950,3
"299",298,4,"Entertainment/public assembly",39541,1946,3
"300",299,9,"Education",356000,2014,3
"301",300,6,"Education",62800,2014,3
"302",301,5,"Public services",51176,1955,3
"303",302,4,"Education",57100,2015,3
"304",303,3,"Entertainment/public assembly",15950,1960,3
"305",304,4,"Entertainment/public assembly",194300,1900,3
"306",305,4,"Office",8637,1986,3
"307",306,5,"Education",51500,1931,3
"308",307,3,"Public services",10873,1956,3
"309",308,3,"Public services",5033,1978,3
"310",309,3,"Entertainment/public assembly",2067,1960,3
"311",310,4,"Public services",22000,1951,3
"312",311,4,"Education",50000,1928,3
"313",312,3,"Entertainment/public assembly",6625,1956,3
"314",313,4,"Education",103800,1968,3
"315",314,3,"Education",225000,1962,3
"316",315,4,"Entertainment/public assembly",20644,1976,3
"317",316,4,"Public services",78550,1955,3
"318",317,4,"Office",16098,1957,3
"319",318,7,"Office",105000,1986,3
"320",319,3,"Public services",13100,1929,3
"321",320,6,"Education",105500,1955,3
"322",321,3,"Public services",15913,1966,3
"323",322,4,"Education",37083,1908,3
"324",323,9,"Education",282200,1928,3
"325",324,3,"Entertainment/public assembly",11910,1960,3
"326",325,4,"Education",59200,1959,3
"327",326,5,"Entertainment/public assembly",45548,1972,3
"328",327,6,"Education",99325,1927,3
"329",328,4,"Education",47200,1935,3
"330",329,3,"Entertainment/public assembly",3133,1964,3
"331",330,5,"Education",65000,1952,3
"332",331,7,"Education",288800,1923,3
"333",332,8,"Education",90400,1977,3
"334",333,4,"Education",59900,1962,3
"335",334,5,"Education",57100,1960,3
"336",335,8,"Office",229000,2010,3
"337",336,4,"Education",43000,1923,3
"338",337,5,"Entertainment/public assembly",22334,1977,3
"339",338,5,"Entertainment/public assembly",23803,1969,3
"340",339,4,"Education",71100,1947,3
"341",340,3,"Entertainment/public assembly",1843,1953,3
"342",341,7,"Education",158000,1959,3
"343",342,3,"Lodging/residential",15420,1954,3
"344",343,4,"Public services",22000,1977,3
"345",344,6,"Education",77500,1942,3
"346",345,3,"Lodging/residential",7250,1943,3
"347",346,3,"Entertainment/public assembly",17709,1954,3
"348",347,6,"Education",75900,1974,3
"349",348,3,"Public services",10577,1969,3
"350",349,5,"Public services",45098,1961,3
"351",350,6,"Education",83800,1944,3
"352",351,5,"Education",58908,1910,3
"353",352,7,"Education",144900,1990,3
"354",353,6,"Education",99700,1955,3
"355",354,4,"Education",77500,1938,3
"356",355,7,"Education",182500,1970,3
"357",356,3,"Public services",4336,1956,3
"358",357,3,"Lodging/residential",2000,1960,3
"359",358,5,"Education",77700,1958,3
"360",359,3,"Public services",4925,1967,3
"361",360,4,"Education",69600,1949,3
"362",361,3,"Public services",13224,1965,3
"363",362,3,"Public services",21368,1959,3
"364",363,4,"Education",69300,2017,3
"365",364,5,"Education",83800,1944,3
"366",365,10,"Healthcare",819577,1922,3
"367",366,3,"Public services",9941,1963,3
"368",367,4,"Entertainment/public assembly",20584,1971,3
"369",368,5,"Retail",16500,1950,3
"370",369,3,"Public services",6431,1960,3
"371",370,4,"Entertainment/public assembly",15960,2005,3
"372",371,3,"Entertainment/public assembly",5554,1957,3
"373",372,4,"Education",49100,1911,3
"374",373,5,"Education",46484,1932,3
"375",374,6,"Lodging/residential",350000,1949,3
"376",375,12,"Office",850354,1989,3
"377",376,8,"Office",585955,1942,3
"378",377,3,"Public services",12506,1977,3
"379",378,4,"Public services",35241,1978,3
"380",379,3,"Entertainment/public assembly",7675,1956,3
"381",380,5,"Education",95100,1927,3
"382",381,3,"Entertainment/public assembly",1858,1969,3
"383",382,5,"Education",47984,2002,3
"384",383,4,"Warehouse/storage",27318,1975,3
"385",384,3,"Office",13728,1946,3
"386",385,3,"Public services",18432,1973,3
"387",386,4,"Entertainment/public assembly",17262,2003,3
"388",387,9,"Education",104200,2009,3
"389",388,4,"Public services",30810,1966,3
"390",389,5,"Education",57165,2014,3
"391",390,5,"Office",34400,1938,3
"392",391,5,"Education",87107,1959,3
"393",392,5,"Education",53000,1912,3
"394",393,5,"Education",59400,1900,3
"395",394,3,"Entertainment/public assembly",3545,2000,3
"396",395,3,"Public services",8925,1912,3
"397",396,3,"Public services",16768,1980,3
"398",397,5,"Public services",54061,2006,3
"399",398,4,"Education",62200,1964,3
"400",399,6,"Education",180000,1939,3
"401",400,3,"Public services",19315,1958,3
"402",401,4,"Entertainment/public assembly",12660,1981,3
"403",402,3,"Public services",2818,1956,3
"404",403,4,"Education",49500,1962,3
"405",404,6,"Public services",5783,1983,3
"406",405,5,"Education",82200,1916,3
"407",406,3,"Entertainment/public assembly",2347,1960,3
"408",407,8,"Education",325217,2006,3
"409",408,3,"Entertainment/public assembly",16098,1929,3
"410",409,6,"Education",38500,2016,3
"411",410,5,"Education",64113,1924,3
"412",411,3,"Entertainment/public assembly",6139,1948,3
"413",412,5,"Education",110000,1946,3
"414",413,3,"Warehouse/storage",14839,2005,3
"415",414,4,"Entertainment/public assembly",36387,1974,3
"416",415,4,"Education",41329,1954,3
"417",416,3,"Public services",7079,1964,3
"418",417,6,"Education",69600,1978,3
"419",418,6,"Entertainment/public assembly",86120,1926,3
"420",419,5,"Education",271300,1940,3
"421",420,8,"Public services",81397,2004,3
"422",421,3,"Entertainment/public assembly",11274,1960,3
"423",422,3,"Public services",8726,1969,3
"424",423,3,"Entertainment/public assembly",969,1964,3
"425",424,3,"Public services",32527,1947,3
"426",425,7,"Warehouse/storage",202829,1983,3
"427",426,5,"Education",101400,1930,3
"428",427,3,"Public services",14269,1954,3
"429",428,3,"Entertainment/public assembly",1396,1957,3
"430",429,3,"Public services",11934,1930,3
"431",430,4,"Public services",23918,1976,3
"432",431,3,"Parking",1760,1960,3
"433",432,8,"Public services",103200,1983,3
"434",433,4,"Entertainment/public assembly",23055,1971,3
"435",434,3,"Education",39500,1962,3
"436",435,4,"Office",29916,2002,3
"437",436,3,"Lodging/residential",15574,1956,3
"438",437,4,"Entertainment/public assembly",11651,1981,3
"439",438,5,"Public services",36562,1968,3
"440",439,5,"Office",62205,1944,3
"441",440,5,"Public services",35033,1962,3
"442",441,3,"Public services",3267,1960,3
"443",442,5,"Education",70800,1964,3
"444",443,5,"Education",109000,1940,3
"445",444,3,"Public services",12945,1960,3
"446",445,6,"Education",40950,1910,3
"447",446,7,"Public services",43992,1989,3
"448",447,4,"Public services",21472,2011,3
"449",448,7,"Office",328760,1904,3
"450",449,3,"Lodging/residential",18340,1900,3
"451",450,7,"Education",116872,1931,3
"452",451,3,"Entertainment/public assembly",5013,1977,3
"453",452,7,"Education",155100,1931,3
"454",453,3,"Public services",24875,1984,3
"455",454,4,"Public services",16576,1932,3
"456",455,4,"Healthcare",29192,2014,3
"457",456,3,"Public services",14125,1946,3
"458",457,6,"Education",79700,1932,3
"459",458,3,"Entertainment/public assembly",4589,1954,3
"460",459,6,"Entertainment/public assembly",36744,2004,3
"461",460,3,"Public services",17927,1961,3
"462",461,5,"Education",69400,1959,3
"463",462,3,"Public services",9226,1956,3
"464",463,3,"Public services",25000,1954,3
"465",464,3,"Public services",9816,1947,3
"466",465,3,"Office",6400,1961,3
"467",466,4,"Public services",22500,1972,3
"468",467,6,"Public services",47439,1994,3
"469",468,4,"Office",40000,1968,3
"470",469,3,"Public services",13044,1913,3
"471",470,4,"Public services",24618,1967,3
"472",471,7,"Education",170000,1956,3
"473",472,5,"Education",69400,1911,3
"474",473,5,"Public services",46007,1950,3
"475",474,3,"Public services",10151,1966,3
"476",475,8,"Office",474680,1986,3
"477",476,3,"Entertainment/public assembly",1102,1965,3
"478",477,3,"Public services",21600,1951,3
"479",478,4,"Lodging/residential",31283,1935,3
"480",479,5,"Public services",43955,1978,3
"481",480,3,"Office",30000,1948,3
"482",481,5,"Education",104294,1976,3
"483",482,7,"Education",394000,2013,3
"484",483,8,"Education",207000,1935,3
"485",484,4,"Public services",18000,1980,3
"486",485,6,"Public services",22000,2007,3
"487",486,6,"Education",86375,1903,3
"488",487,4,"Education",66600,1959,3
"489",488,5,"Education",69600,1908,3
"490",489,8,"Education",85039,1925,3
"491",490,6,"Education",98900,1961,3
"492",491,5,"Education",66600,1970,3
"493",492,7,"Education",193800,1979,3
"494",493,8,"Education",283000,2014,3
"495",494,5,"Education",72800,1959,3
"496",495,4,"Education",47500,1968,3
"497",496,4,"Public services",16200,1980,3
"498",497,3,"Public services",7732,1957,3
"499",498,3,"Entertainment/public assembly",14842,1959,3
"500",499,8,"Education",376507,2011,3
"501",500,7,"Education",99975,1968,3
"502",501,5,"Education",66404,1947,3
"503",502,3,"Public services",6010,1959,3
"504",503,3,"Other",10762,1957,3
"505",504,6,"Warehouse/storage",112536,1963,3
"506",505,5,"Warehouse/storage",51622,1975,3
"507",506,8,"Other",34400,1977,3
"508",507,4,"Education",61151,1971,3
"509",508,4,"Other",112283,1954,3
"510",509,4,"Other",10578,1980,3
"511",510,3,"Public services",4581,1964,3
"512",511,3,"Public services",12316,1949,3
"513",512,3,"Lodging/residential",5000,2010,3
"514",513,4,"Public services",112283,1948,3
"515",514,3,"Public services",12750,1957,3
"516",515,6,"Education",63900,1921,3
"517",516,4,"Public services",9000,1969,3
"518",517,3,"Lodging/residential",2210,1950,3
"519",518,7,"Public services",555243,1941,3
"520",519,7,"Public services",461647,1976,3
"521",520,4,"Office",27600,1937,3
"522",521,3,"Public services",12000,1959,3
"523",522,3,"Office",8000,1946,3
"524",523,3,"Entertainment/public assembly",9726,1964,3
"525",524,6,"Public services",134114,1964,3
"526",525,3,"Public services",9062,1957,3
"527",526,3,"Public services",7636,1947,3
"528",527,3,"Public services",9392,1947,3
"529",528,3,"Public services",11143,1954,3
"530",529,3,"Public services",14519,1908,3
"531",530,4,"Public services",144000,1952,3
"532",531,4,"Public services",68203,1941,3
"533",532,3,"Entertainment/public assembly",7133,1968,3
"534",533,3,"Lodging/residential",11900,1970,3
"535",534,3,"Entertainment/public assembly",898,1964,3
"536",535,3,"Healthcare",15000,2010,3
"537",536,3,"Entertainment/public assembly",1962,1960,3
"538",537,6,"Education",73200,1959,3
"539",538,3,"Religious worship",10000,2010,3
"540",539,3,"Entertainment/public assembly",1473,1953,3
"541",540,6,"Education",88300,1909,3
"542",541,3,"Lodging/residential",2582,1960,3
"543",542,5,"Education",66900,1969,3
"544",543,3,"Entertainment/public assembly",801,1965,3
"545",544,4,"Public services",110800,1972,3
"546",545,5,"Education",21903,1931,3
"547",546,7,"Public services",4e+05,1971,3
"548",547,4,"Healthcare",23903,1960,3
"549",548,3,"Healthcare",9813,2010,3
"550",549,3,"Public services",12754,1968,3
"551",550,4,"Public services",16000,2014,3
"552",551,7,"Office",30525,1991,3
"553",552,4,"Public services",20110,1936,3
"554",553,4,"Education",37800,1965,3
"555",554,5,"Entertainment/public assembly",26187,1976,3
"556",555,4,"Education",22400,1958,3
"557",556,7,"Healthcare",450000,2012,3
"558",557,3,"Public services",19000,1955,3
"559",558,4,"Office",89315,1968,3
"560",559,4,"Education",48994,2015,3
"561",560,8,"Office",340000,2010,3
"562",561,7,"Office",295000,1986,3
"563",562,8,"Education",235000,2013,3
"564",563,4,"Office",31346,1970,3
"565",564,4,"Public services",89315,1952,3
"566",565,2,"Education",15326,1954,4
"567",566,1,"Education",2010,1957,4
"568",567,4,"Entertainment/public assembly",82670,2016,4
"569",568,2,"Education",14150,1974,4
"570",569,8,"Education",86091,1964,4
"571",570,10,"Education",193202,1964,4
"572",571,3,"Education",47954,1980,4
"573",572,9,"Education",94175,1964,4
"574",573,4,"Education",23815,1914,4
"575",574,4,"Education",56343,1905,4
"576",575,4,"Technology/science",33167,1963,4
"577",576,7,"Education",86465,2014,4
"578",577,3,"Education",113589,1958,4
"579",578,4,"Lodging/residential",71994,2004,4
"580",579,4,"Education",7781,1910,4
"581",580,4,"Education",104016,1960,4
"582",581,3,"Lodging/residential",23012,1930,4
"583",582,4,"Education",14542,1920,4
"584",583,9,"Education",206054,1950,4
"585",584,8,"Education",137806,1967,4
"586",585,7,"Public services",132394,1949,4
"587",586,5,"Public services",166514,1917,4
"588",587,5,"Technology/science",53234,1942,4
"589",588,4,"Education",21866,1911,4
"590",589,8,"Education",305268,1952,4
"591",590,2,"Education",8516,1920,4
"592",591,1,"Entertainment/public assembly",59326,1932,4
"593",592,7,"Education",120694,2012,4
"594",593,6,"Education",66203,2015,4
"595",594,7,"Education",177281,1964,4
"596",595,14,"Education",270413,1971,4
"597",596,4,"Education",18474,1923,4
"598",597,4,"Public services",189425,1994,4
"599",598,4,"Public services",68701,1930,4
"600",599,4,"Education",25996,1954,4
"601",600,5,"Education",44182,1917,4
"602",601,2,"Entertainment/public assembly",11910,1903,4
"603",602,6,"Entertainment/public assembly",238065,1933,4
"604",603,3,"Public services",29063,2004,4
"605",604,3,"Education",8463,1929,4
"606",605,5,"Education",51020,1924,4
"607",606,2,"Utility",23432,1999,4
"608",607,2,"Education",34825,1999,4
"609",608,3,"Entertainment/public assembly",124197,1927,4
"610",609,6,"Education",141461,1907,4
"611",610,4,"Entertainment/public assembly",30160,1958,4
"612",611,7,"Education",128126,1966,4
"613",612,4,"Education",77055,1917,4
"614",613,1,"Entertainment/public assembly",1305,1995,4
"615",614,8,"Lodging/residential",185200,1930,4
"616",615,7,"Education",153700,1990,4
"617",616,6,"Education",117814,1959,4
"618",617,11,"Education",182943,1963,4
"619",618,5,"Education",148032,1924,4
"620",619,6,"Education",68146,1948,4
"621",620,9,"Education",220703,2011,4
"622",621,1,"Parking",387,1955,4
"623",622,7,"Education",123612,1961,4
"624",623,6,"Education",49388,1931,4
"625",624,5,"Education",46204,1941,4
"626",625,5,"Education",55516,1978,4
"627",626,5,"Public services",130581,1970,4
"628",627,5,"Education",56637,1953,4
"629",628,3,"Education",40706,1958,4
"630",629,6,"Education",40835,1931,4
"631",630,5,"Education",93420,1948,4
"632",631,3,"Education",23533,1906,4
"633",632,6,"Education",41297,1959,4
"634",633,2,"Parking",98539,1989,4
"635",634,4,"Education",4000,1910,4
"636",635,3,"Education",7122,1909,4
"637",636,3,"Education",6564,1909,4
"638",637,3,"Education",4189,1929,4
"639",638,4,"Education",7900,1923,4
"640",639,2,"Education",14524,1964,4
"641",640,9,"Entertainment/public assembly",36180,1966,4
"642",641,8,"Education",109588,1994,4
"643",642,4,"Education",30401,1937,4
"644",643,6,"Education",110919,1941,4
"645",644,3,"Entertainment/public assembly",261091,1923,4
"646",645,12,"Education",304333,2006,4
"647",646,6,"Education",58733,1923,4
"648",647,5,"Lodging/residential",86959,1942,4
"649",648,11,"Education",154706,2009,4
"650",649,10,"Education",116121,1996,4
"651",650,4,"Education",75228,1993,4
"652",651,5,"Parking",306140,2007,4
"653",652,9,"Education",150887,1959,4
"654",653,8,"Education",420885,1930,4
"655",654,5,"Education",43910,1912,4
"656",655,11,"Education",222434,1964,4
"657",656,1,"Other",5769,1976,5
"658",657,3,"Education",109071,1966,5
"659",658,2,"Entertainment/public assembly",31075,1976,5
"660",659,2,"Entertainment/public assembly",15306,1976,5
"661",660,1,"Entertainment/public assembly",5447,1976,5
"662",661,2,"Entertainment/public assembly",7427,1976,5
"663",662,2,"Entertainment/public assembly",12777,1976,5
"664",663,2,"Entertainment/public assembly",57189,1976,5
"665",664,2,"Entertainment/public assembly",49492,1976,5
"666",665,1,"Entertainment/public assembly",8773,1966,5
"667",666,1,"Entertainment/public assembly",12045,1976,5
"668",667,2,"Entertainment/public assembly",15715,1966,5
"669",668,2,"Entertainment/public assembly",47275,1976,5
"670",669,1,"Entertainment/public assembly",4768,1976,5
"671",670,1,"Healthcare",18471,1966,5
"672",671,3,"Lodging/residential",7589,1976,5
"673",672,2,"Manufacturing/industrial",6329,1919,5
"674",673,2,"Entertainment/public assembly",36307,1976,5
"675",674,8,"Entertainment/public assembly",149704,1976,5
"676",675,1,"Manufacturing/industrial",3853,1976,5
"677",676,2,"Manufacturing/industrial",90697,1976,5
"678",677,2,"Public services",7072,1919,5
"679",678,6,"Public services",60977,1976,5
"680",679,3,"Public services",43400,1976,5
"681",680,2,"Public services",9849,1976,5
"682",681,3,"Public services",41861,1919,5
"683",682,5,"Entertainment/public assembly",64153,1949,5
"684",683,2,"Office",4650,1976,5
"685",684,3,"Office",152471,1919,5
"686",685,5,"Office",270034,1976,5
"687",686,2,"Office",12206,1976,5
"688",687,4,"Office",36221,1976,5
"689",688,2,"Office",52302,1966,5
"690",689,1,"Office",11442,1976,5
"691",690,2,"Office",19429,1945,5
"692",691,1,"Office",42647,1976,5
"693",692,2,"Office",7416,1976,5
"694",693,3,"Office",57436,1976,5
"695",694,4,"Education",30613,1976,5
"696",695,3,"Education",121062,1976,5
"697",696,2,"Education",19041,1976,5
"698",697,2,"Education",18697,1919,5
"699",698,1,"Education",13939,1976,5
"700",699,3,"Education",93764,1945,5
"701",700,1,"Education",11464,1976,5
"702",701,4,"Education",128682,1966,5
"703",702,2,"Education",24251,1966,5
"704",703,1,"Education",34563,1966,5
"705",704,1,"Education",17050,1966,5
"706",705,1,"Education",23605,1976,5
"707",706,2,"Education",27685,1919,5
"708",707,1,"Education",11270,1976,5
"709",708,4,"Education",102429,1945,5
"710",709,2,"Education",23067,1976,5
"711",710,4,"Education",12088,1919,5
"712",711,1,"Education",15414,1976,5
"713",712,1,"Education",22949,1976,5
"714",713,2,"Education",14973,1976,5
"715",714,1,"Education",8730,1976,5
"716",715,2,"Education",23153,1976,5
"717",716,3,"Education",37265,1919,5
"718",717,2,"Education",28826,1976,5
"719",718,2,"Education",25866,1919,5
"720",719,2,"Education",28363,1919,5
"721",720,2,"Education",18202,1919,5
"722",721,3,"Education",121471,1966,5
"723",722,3,"Education",31635,1966,5
"724",723,4,"Education",160038,1966,5
"725",724,2,"Education",88856,1976,5
"726",725,1,"Education",13789,1919,5
"727",726,2,"Education",120566,1945,5
"728",727,3,"Education",139113,1976,5
"729",728,2,"Education",30300,1966,5
"730",729,2,"Education",17190,1919,5
"731",730,4,"Education",126045,1966,5
"732",731,2,"Education",29149,1919,5
"733",732,1,"Education",66187,1976,5
"734",733,3,"Education",96929,1966,5
"735",734,1,"Education",28191,1919,5
"736",735,2,"Education",155807,2013,5
"737",736,3,"Education",94658,1976,5
"738",737,1,"Education",14790,1976,5
"739",738,4,"Education",95433,1966,5
"740",739,2,"Education",137046,1966,5
"741",740,1,"Education",37975,1976,5
"742",741,1,"Education",14025,1966,5
"743",742,2,"Entertainment/public assembly",31829,1976,5
"744",743,2,"Entertainment/public assembly",12185,1976,5
"745",744,5,"Entertainment/public assembly",48642,1919,5
"746",745,2,"Education",13512,1960,6
"747",746,3,"Office",17879,1966,6
"748",747,3,"Education",30531,1959,6
"749",748,3,"Office",32766,1963,6
"750",749,3,"Lodging/residential",35936,1960,6
"751",750,5,"Education",35990,1987,6
"752",753,3,"Education",39558,1963,6
"753",755,3,"Office",42129,1953,6
"754",756,3,"Lodging/residential",44352,1954,6
"755",758,3,"Lodging/residential",47007,1962,6
"756",759,2,"Lodging/residential",48519,1964,6
"757",760,6,"Office",49990,1971,6
"758",761,2,"Entertainment/public assembly",52534,1947,6
"759",762,3,"Education",53651,1960,6
"760",764,3,"Education",58307,1962,6
"761",765,4,"Entertainment/public assembly",58562,1988,6
"762",766,3,"Office",64818,1949,6
"763",767,6,"Office",70042,1980,6
"764",768,8,"Education",75929,1978,6
"765",769,4,"Education",77263,1946,6
"766",770,3,"Education",80325,1956,6
"767",771,3,"Lodging/residential",82911,1970,6
"768",773,3,"Lodging/residential",93313,1951,6
"769",774,3,"Lodging/residential",93500,1954,6
"770",775,4,"Office",104355,1967,6
"771",776,3,"Office",104667,1955,6
"772",777,5,"Lodging/residential",105791,1970,6
"773",778,7,"Entertainment/public assembly",108339,1960,6
"774",779,4,"Lodging/residential",113000,1957,6
"775",780,7,"Education",120836,1976,6
"776",781,4,"Lodging/residential",128044,1956,6
"777",782,7,"Education",129344,1978,6
"778",784,7,"Education",190817,1964,6
"779",785,8,"Education",250000,1990,6
"780",787,8,"Lodging/residential",278795,1964,6
"781",788,7,"Public services",401753,1967,6
"782",791,5,"Education",150695,1991,7
"783",793,6,"Education",150695,1964,7
"784",794,11,"Education",731945,1969,7
"785",795,6,"Education",387500,1960,7
"786",796,2,"Education",226042,1965,7
"787",797,13,"Education",764237,1979,7
"788",798,21,"Education",409028,1970,7
"789",799,26,"Education",527431,1976,7
"790",800,2,"Education",64583,1955,7
"791",801,5,"Education",484376,1952,7
"792",802,19,"Education",290625,1995,7
"793",803,3,"Education",182986,1962,7
"794",804,1,"Office",175618,1985,8
"795",805,1,"Entertainment/public assembly",3200,1962,8
"796",806,2,"Other",28693,1960,8
"797",807,1,"Entertainment/public assembly",3000,1970,8
"798",808,1,"Other",9357,1969,8
"799",809,1,"Entertainment/public assembly",520,1969,8
"800",810,1,"Entertainment/public assembly",3729,1962,8
"801",811,1,"Public services",4848,1962,8
"802",812,1,"Entertainment/public assembly",9894,1974,8
"803",813,1,"Public services",5630,1970,8
"804",814,1,"Public services",4371,1969,8
"805",815,1,"Entertainment/public assembly",666,1969,8
"806",816,1,"Entertainment/public assembly",356,1962,8
"807",817,1,"Entertainment/public assembly",984,1969,8
"808",818,1,"Public services",3648,1962,8
"809",819,1,"Public services",6351,1965,8
"810",820,1,"Entertainment/public assembly",648,1962,8
"811",821,1,"Other",2555,1969,8
"812",822,1,"Entertainment/public assembly",366,1969,8
"813",823,1,"Public services",35253,1949,8
"814",824,1,"Public services",7820,1967,8
"815",825,1,"Public services",3592,1962,8
"816",826,1,"Public services",19446,1959,8
"817",827,1,"Office",5839,1967,8
"818",828,1,"Other",102994,1959,8
"819",829,1,"Warehouse/storage",15879,1974,8
"820",830,1,"Warehouse/storage",15120,1966,8
"821",831,1,"Entertainment/public assembly",4065,1967,8
"822",832,1,"Public services",26507,1959,8
"823",833,1,"Public services",6392,1967,8
"824",834,1,"Public services",4934,1967,8
"825",835,1,"Entertainment/public assembly",17220,1965,8
"826",836,1,"Public services",8168,1974,8
"827",837,1,"Public services",33246,1967,8
"828",838,1,"Public services",18414,1955,8
"829",839,1,"Office",14150,1961,8
"830",840,1,"Other",41861,1959,8
"831",841,1,"Office",5680,1962,8
"832",842,1,"Public services",7292,1967,8
"833",843,1,"Entertainment/public assembly",5380,1962,8
"834",844,1,"Entertainment/public assembly",6944,1967,8
"835",845,1,"Entertainment/public assembly",860,1969,8
"836",846,1,"Entertainment/public assembly",481,1969,8
"837",847,1,"Entertainment/public assembly",9303,1967,8
"838",848,1,"Office",8552,1969,8
"839",849,1,"Public services",6448,1969,8
"840",850,1,"Public services",28590,1949,8
"841",851,1,"Public services",16682,1960,8
"842",852,1,"Public services",10800,1974,8
"843",853,1,"Entertainment/public assembly",26495,1966,8
"844",854,1,"Entertainment/public assembly",92288,1973,8
"845",855,1,"Office",48300,1965,8
"846",856,1,"Entertainment/public assembly",2956,1969,8
"847",857,1,"Entertainment/public assembly",4000,1969,8
"848",858,1,"Other",1566,1969,8
"849",859,1,"Public services",4000,1965,8
"850",860,1,"Other",12259,1967,8
"851",861,1,"Other",4276,1970,8
"852",862,1,"Other",27640,1967,8
"853",863,1,"Public services",19823,1971,8
"854",864,1,"Public services",16584,1953,8
"855",865,1,"Public services",10174,1974,8
"856",866,1,"Public services",10174,1967,8
"857",867,1,"Public services",65913,1957,8
"858",868,1,"Public services",60000,1949,8
"859",869,1,"Entertainment/public assembly",875000,1988,8
"860",870,1,"Entertainment/public assembly",755,1962,8
"861",871,1,"Entertainment/public assembly",1536,1962,8
"862",872,1,"Public services",3627,1962,8
"863",873,1,"Office",40142,1979,8
"864",874,7,"Office",181805,1983,9
"865",875,2,"Lodging/residential",177708,1974,9
"866",876,2,"Education",55240,1960,9
"867",877,1,"Office",8004,1961,9
"868",878,2,"Lodging/residential",41241,1960,9
"869",879,5,"Education",110235,1970,9
"870",880,2,"Education",157723,1970,9
"871",881,7,"Entertainment/public assembly",344798,1987,9
"872",882,2,"Education",39143,1960,9
"873",883,6,"Education",399331,1964,9
"874",884,2,"Education",38598,1958,9
"875",885,2,"Lodging/residential",40697,1967,9
"876",886,2,"Education",69799,1945,9
"877",887,2,"Lodging/residential",69754,1964,9
"878",888,2,"Entertainment/public assembly",137522,1954,9
"879",889,2,"Education",126077,1955,9
"880",890,6,"Education",202937,1977,9
"881",891,2,"Education",50846,1961,9
"882",892,4,"Services",481999,1986,9
"883",893,2,"Education",47191,1959,9
"884",894,2,"Education",101555,1951,9
"885",895,2,"Education",55087,1961,9
"886",896,6,"Education",245637,1960,9
"887",897,2,"Education",37775,1961,9
"888",898,2,"Public services",64749,1961,9
"889",899,3,"Education",225014,1955,9
"890",900,2,"Education",111623,1949,9
"891",901,2,"Education",107730,1969,9
"892",902,2,"Education",14561,1975,9
"893",903,7,"Education",275793,1973,9
"894",904,7,"Education",29961,1975,9
"895",905,1,"Lodging/residential",39648,1961,9
"896",906,1,"Lodging/residential",39649,1959,9
"897",907,2,"Entertainment/public assembly",44564,1955,9
"898",908,2,"Education",91254,1959,9
"899",909,1,"Entertainment/public assembly",66121,1977,9
"900",910,2,"Office",60096,1955,9
"901",911,7,"Education",239638,1956,9
"902",912,2,"Education",52559,1960,9
"903",913,8,"Entertainment/public assembly",503634,1955,9
"904",914,6,"Education",229973,1969,9
"905",915,3,"Education",205141,1954,9
"906",916,2,"Education",51778,1961,9
"907",917,6,"Education",237702,1987,9
"908",918,2,"Education",60621,1958,9
"909",919,2,"Education",31233,1961,9
"910",920,2,"Education",85623,1959,9
"911",921,7,"Entertainment/public assembly",262162,1980,9
"912",922,2,"Education",147205,1955,9
"913",923,2,"Education",24992,1961,9
"914",924,5,"Entertainment/public assembly",252268,1965,9
"915",925,2,"Education",54405,1965,9
"916",926,2,"Education",26033,1967,9
"917",927,7,"Lodging/residential",745671,1981,9
"918",928,6,"Education",179115,1979,9
"919",929,5,"Education",199628,1969,9
"920",930,1,"Office",20917,1974,9
"921",931,5,"Education",216050,1971,9
"922",932,5,"Lodging/residential",233937,1969,9
"923",935,1,"Office",16135,1974,9
"924",936,1,"Lodging/residential",11350,1967,9
"925",937,1,"Lodging/residential",10346,1966,9
"926",938,1,"Lodging/residential",11227,1961,9
"927",939,1,"Lodging/residential",8051,1963,9
"928",940,1,"Lodging/residential",8079,1970,9
"929",941,1,"Lodging/residential",8079,1963,9
"930",942,2,"Lodging/residential",57334,1962,9
"931",943,1,"Entertainment/public assembly",5682,1962,9
"932",944,4,"Services",389641,1972,9
"933",945,6,"Office",332447,1951,9
"934",946,8,"Education",177216,1972,9
"935",947,2,"Education",91629,1953,9
"936",948,1,"Entertainment/public assembly",20372,1954,9
"937",949,2,"Lodging/residential",86786,1958,9
"938",950,1,"Entertainment/public assembly",16052,1959,9
"939",951,2,"Office",103924,1972,9
"940",952,3,"Education",218024,1953,9
"941",953,7,"Entertainment/public assembly",563782,1976,9
"942",954,5,"Education",305224,1971,9
"943",955,8,"Education",198488,1992,9
"944",956,2,"Office",86167,1965,9
"945",957,2,"Education",111195,1963,9
"946",958,5,"Entertainment/public assembly",234819,1966,9
"947",959,2,"Education",128536,1971,9
"948",960,2,"Education",56137,1960,9
"949",961,5,"Education",155882,1971,9
"950",962,6,"Public services",492898,1980,9
"951",963,2,"Lodging/residential",44784,1966,9
"952",964,6,"Education",130577,1964,9
"953",965,2,"Lodging/residential",45086,1961,9
"954",966,7,"Education",393530,1970,9
"955",967,2,"Entertainment/public assembly",119262,1972,9
"956",968,2,"Education",153999,1955,9
"957",969,2,"Education",193723,1955,9
"958",970,3,"Services",346056,1985,9
"959",971,5,"Lodging/residential",301307,1958,9
"960",972,5,"Education",282152,1961,9
"961",973,2,"Office",193960,1957,9
"962",974,2,"Education",186572,1966,9
"963",975,5,"Entertainment/public assembly",426472,1985,9
"964",976,2,"Education",59498,1952,9
"965",977,1,"Office",8837,1956,9
"966",978,3,"Education",258491,1956,9
"967",979,2,"Entertainment/public assembly",52357,1951,9
"968",980,2,"Entertainment/public assembly",34819,1967,9
"969",981,2,"Education",167055,1947,9
"970",982,4,"Services",373416,1956,9
"971",983,5,"Entertainment/public assembly",122122,1985,9
"972",984,2,"Services",214252,1964,9
"973",985,2,"Office",34758,1967,9
"974",986,2,"Office",34072,1949,9
"975",987,5,"Education",166395,1959,9
"976",988,1,"Office",24463,1961,9
"977",989,2,"Education",168696,1965,9
"978",990,2,"Office",82939,1961,9
"979",991,2,"Education",57811,1957,9
"980",992,2,"Office",51483,1959,9
"981",993,7,"Education",428647,1989,9
"982",994,2,"Education",108392,1942,9
"983",995,2,"Education",46230,1960,9
"984",996,2,"Education",77632,1971,9
"985",997,2,"Office",38173,1961,9
"986",998,1,"Education",173479,1960,10
"987",999,2,"Education",113580,1956,10
"988",1000,2,"Education",121146,1955,10
"989",1001,1,"Other",4482,1959,10
"990",1002,1,"Entertainment/public assembly",161969,1961,10
"991",1003,3,"Education",94751,1970,10
"992",1004,2,"Education",74886,1975,10
"993",1005,1,"Office",26325,1957,10
"994",1006,1,"Office",26948,1945,10
"995",1007,2,"Office",41933,1948,10
"996",1008,2,"Education",74420,1955,10
"997",1009,2,"Education",21892,1959,10
"998",1010,1,"Office",11419,1969,10
"999",1011,4,"Education",65144,1950,10
"1000",1012,2,"Education",23112,1964,10
"1001",1013,3,"Education",67377,1960,10
"1002",1014,3,"Office",43094,1953,10
"1003",1015,1,"Other",4607,1944,10
"1004",1016,1,"Other",10103,1954,10
"1005",1017,6,"Technology/science",109263,1958,10
"1006",1018,2,"Education",186840,1961,10
"1007",1019,5,"Entertainment/public assembly",39788,1964,10
"1008",1020,2,"Entertainment/public assembly",22101,1958,10
"1009",1021,2,"Entertainment/public assembly",213762,1961,10
"1010",1022,2,"Education",84346,1960,10
"1011",1023,2,"Education",87976,1981,10
"1012",1024,2,"Education",53855,1966,10
"1013",1025,2,"Lodging/residential",52034,1956,10
"1014",1026,1,"Lodging/residential",88480,1970,10
"1015",1027,2,"Lodging/residential",35465,1948,10
"1016",1028,3,"Education",81390,1969,11
"1017",1029,5,"Education",152559,1953,11
"1018",1030,3,"Education",68030,1964,11
"1019",1031,5,"Education",93206,1959,11
"1020",1032,6,"Education",127632,1975,11
"1021",1033,2,"Education",118489,1957,12
"1022",1034,1,"Retail",3907,1957,12
"1023",1035,2,"Office",14585,1949,12
"1024",1036,3,"Office",54207,1946,12
"1025",1037,2,"Education",8805,1959,12
"1026",1038,2,"Technology/science",9838,1964,12
"1027",1039,3,"Education",30171,1961,12
"1028",1040,4,"Office",126960,1966,12
"1029",1041,2,"Education",8073,1954,12
"1030",1042,2,"Office",29547,1944,12
"1031",1043,2,"Office",27889,1966,12
"1032",1044,4,"Education",150673,1969,12
"1033",1045,2,"Office",33530,1950,12
"1034",1046,4,"Education",201350,1955,12
"1035",1047,2,"Public services",252952,1974,12
"1036",1048,2,"Education",275610,1968,12
"1037",1049,3,"Education",94399,1949,12
"1038",1050,2,"Office",50493,1961,12
"1039",1051,1,"Education",28406,1963,12
"1040",1052,2,"Retail",45305,1952,12
"1041",1053,2,"Office",21582,1953,12
"1042",1054,4,"Education",204998,1989,12
"1043",1055,4,"Education",86714,1949,12
"1044",1056,3,"Education",72958,1943,12
"1045",1057,4,"Education",26372,1950,12
"1046",1058,3,"Education",84346,1970,12
"1047",1059,5,"Entertainment/public assembly",116186,1964,12
"1048",1060,2,"Entertainment/public assembly",71806,1944,12
"1049",1061,2,"Retail",44218,1948,12
"1050",1062,3,"Education",65843,1942,12
"1051",1063,3,"Education",58157,1939,12
"1052",1064,3,"Education",131212,1960,12
"1053",1065,2,"Office",12152,1957,12
"1054",1066,3,"Education",55800,1943,12
"1055",1067,5,"Education",125701,1953,12
"1056",1068,2,"Education",112956,1965,12
"1057",1069,2,"Office",20864,1958,13
"1058",1070,3,"Lodging/residential",230747,1962,13
"1059",1071,2,"Office",10385,1952,13
"1060",1073,2,"Office",194111,1959,13
"1061",1074,3,"Office",89858,1941,13
"1062",1075,3,"Office",72709,1942,13
"1063",1076,3,"Lodging/residential",117054,1967,13
"1064",1079,2,"Education",14185,1957,13
"1065",1080,6,"Education",207115,1980,13
"1066",1081,2,"Manufacturing/industrial",11470,1949,13
"1067",1082,3,"Office",57394,1963,13
"1068",1083,2,"Education",100813,1953,13
"1069",1084,6,"Office",122922,1959,13
"1070",1086,3,"Office",143973,1949,13
"1071",1087,2,"Office",56569,1951,13
"1072",1088,11,"Education",287594,1968,13
"1073",1089,4,"Office",62837,1966,13
"1074",1090,7,"Office",305047,1984,13
"1075",1091,2,"Lodging/residential",233341,1973,13
"1076",1092,7,"Office",105167,1976,13
"1077",1093,2,"Office",47578,1961,13
"1078",1094,4,"Office",70852,1953,13
"1079",1095,2,"Education",32256,1950,13
"1080",1096,2,"Parking",83772,1946,13
"1081",1097,2,"Office",157545,1959,13
"1082",1098,3,"Office",131745,1952,13
"1083",1099,7,"Education",332884,1957,13
"1084",1100,2,"Lodging/residential",174924,1962,13
"1085",1101,3,"Office",71936,1940,13
"1086",1102,3,"Office",87187,1951,13
"1087",1103,2,"Other",23903,1945,13
"1088",1104,2,"Public services",199722,1962,13
"1089",1105,2,"Food sales and service",33215,1950,13
"1090",1106,3,"Office",92099,1956,13
"1091",1107,7,"Education",184098,1973,13
"1092",1108,4,"Parking",679614,1993,13
"1093",1109,2,"Office",102191,1964,13
"1094",1110,2,"Office",27145,1961,13
"1095",1111,3,"Office",67839,1940,13
"1096",1113,2,"Office",33401,1961,13
"1097",1114,2,"Other",64810,1965,13
"1098",1115,2,"Services",42028,1951,13
"1099",1117,3,"Office",111424,1975,13
"1100",1118,2,"Services",26926,1953,13
"1101",1119,2,"Office",119509,1975,13
"1102",1120,3,"Services",70040,1970,13
"1103",1121,2,"Education",85732,1961,13
"1104",1122,3,"Office",84365,1970,13
"1105",1123,3,"Office",92994,1946,13
"1106",1124,2,"Lodging/residential",153299,1973,13
"1107",1125,2,"Parking",271492,1953,13
"1108",1126,2,"Education",72332,1974,13
"1109",1127,3,"Office",87131,1959,13
"1110",1128,2,"Office",58703,1960,13
"1111",1129,3,"Office",133100,1969,13
"1112",1130,7,"Education",280225,1995,13
"1113",1131,2,"Office",25463,1946,13
"1114",1133,3,"Office",82302,1963,13
"1115",1134,3,"Office",152946,1969,13
"1116",1135,4,"Education",150393,1957,13
"1117",1136,3,"Office",79782,1943,13
"1118",1137,2,"Office",27452,1954,13
"1119",1138,2,"Education",39988,1963,13
"1120",1139,7,"Office",336650,1998,13
"1121",1140,8,"Education",156483,1972,13
"1122",1141,2,"Parking",20986,1956,13
"1123",1142,3,"Office",103718,1949,13
"1124",1143,3,"Office",96612,1957,13
"1125",1144,6,"Office",152312,1980,13
"1126",1146,3,"Public services",83155,1948,13
"1127",1147,6,"Entertainment/public assembly",234476,1989,13
"1128",1148,7,"Office",861524,1980,13
"1129",1149,7,"Office",293990,1978,13
"1130",1150,2,"Office",196043,1969,13
"1131",1151,6,"Office",267536,1966,13
"1132",1152,6,"Office",118858,1980,13
"1133",1153,3,"Technology/science",89456,1967,13
"1134",1154,4,"Lodging/residential",262156,1959,13
"1135",1156,10,"Education",259989,1989,13
"1136",1157,3,"Education",37107,1970,13
"1137",1158,6,"Public services",294812,1955,13
"1138",1159,10,"Office",671507,1988,13
"1139",1160,3,"Office",80205,1951,13
"1140",1161,2,"Office",53077,1950,13
"1141",1162,3,"Office",72958,1948,13
"1142",1163,3,"Parking",83919,1958,13
"1143",1164,6,"Office",249457,1966,13
"1144",1165,2,"Office",28991,1953,13
"1145",1166,3,"Office",63771,1949,13
"1146",1167,3,"Office",52748,1949,13
"1147",1168,11,"Office",577101,1983,13
"1148",1169,2,"Education",155439,1971,13
"1149",1170,3,"Office",59476,1940,13
"1150",1171,3,"Manufacturing/industrial",56851,1977,13
"1151",1172,3,"Manufacturing/industrial",63847,1968,13
"1152",1173,2,"Manufacturing/industrial",13091,1948,13
"1153",1174,2,"Other",27648,1954,13
"1154",1175,3,"Manufacturing/industrial",81372,1959,13
"1155",1176,3,"Education",142672,1972,13
"1156",1177,2,"Office",20444,1958,13
"1157",1178,3,"Education",133072,1973,13
"1158",1179,7,"Entertainment/public assembly",143228,1982,13
"1159",1181,2,"Education",60606,1972,13
"1160",1182,2,"Warehouse/storage",66585,1963,13
"1161",1183,4,"Entertainment/public assembly",166856,1961,13
"1162",1184,2,"Lodging/residential",74584,1962,13
"1163",1185,3,"Office",129532,1968,13
"1164",1186,2,"Lodging/residential",157070,1967,13
"1165",1188,2,"Office",37096,1950,13
"1166",1189,4,"Office",98212,1957,13
"1167",1190,2,"Office",39807,1951,13
"1168",1191,6,"Education",192152,1980,13
"1169",1193,3,"Office",106511,1950,13
"1170",1194,2,"Office",35829,1948,13
"1171",1195,4,"Office",16472,1964,13
"1172",1196,3,"Entertainment/public assembly",57201,1973,13
"1173",1197,2,"Services",50552,1968,13
"1174",1198,3,"Education",85164,1947,13
"1175",1199,2,"Warehouse/storage",10559,1947,13
"1176",1200,6,"Entertainment/public assembly",545351,1964,13
"1177",1201,3,"Education",73597,1974,13
"1178",1202,2,"Office",16805,1964,13
"1179",1203,3,"Lodging/residential",138602,1964,13
"1180",1205,3,"Parking",178270,1950,13
"1181",1206,3,"Office",99946,1965,13
"1182",1207,2,"Healthcare",74443,1964,13
"1183",1208,2,"Healthcare",121585,1970,13
"1184",1209,3,"Healthcare",115788,1963,13
"1185",1210,3,"Office",92500,1967,13
"1186",1211,3,"Office",94988,1947,13
"1187",1212,8,"Public services",237518,1985,13
"1188",1213,2,"Warehouse/storage",39464,1959,13
"1189",1214,5,"Office",195437,1953,13
"1190",1215,3,"Parking",100328,1965,13
"1191",1216,2,"Office",15269,1956,13
"1192",1217,3,"Education",73044,1974,13
"1193",1218,3,"Entertainment/public assembly",268480,1972,13
"1194",1219,3,"Office",91316,1964,13
"1195",1220,7,"Public services",381221,1962,13
"1196",1221,2,"Office",29062,1961,13
"1197",1222,6,"Lodging/residential",187174,1977,13
"1198",1223,3,"Office",52141,1961,14
"1199",1224,2,"Office",23481,1950,14
"1200",1225,2,"Office",122746,1964,14
"1201",1226,2,"Education",27995,1945,14
"1202",1227,3,"Education",76903,1948,14
"1203",1228,2,"Office",162549,1969,14
"1204",1229,2,"Office",27646,1960,14
"1205",1230,2,"Office",22524,1958,14
"1206",1231,2,"Education",13220,1955,14
"1207",1232,2,"Education",181328,1963,14
"1208",1233,2,"Education",43143,1956,14
"1209",1234,2,"Education",46037,1957,14
"1210",1235,5,"Public services",278369,1961,14
"1211",1236,3,"Office",61756,1968,14
"1212",1237,2,"Office",42755,1948,14
"1213",1238,2,"Office",129707,1973,14
"1214",1239,2,"Office",31300,1948,14
"1215",1240,2,"Public services",73277,1967,14
"1216",1241,2,"Healthcare",194188,1963,14
"1217",1242,2,"Office",23871,1954,14
"1218",1243,2,"Healthcare",237704,1973,14
"1219",1244,3,"Public services",95526,1975,14
"1220",1245,2,"Healthcare",35354,1947,14
"1221",1246,2,"Office",50327,1948,14
"1222",1247,2,"Food sales and service",69876,1984,14
"1223",1248,3,"Office",78002,1972,14
"1224",1249,6,"Office",159384,1968,14
"1225",1250,8,"Education",232139,1971,14
"1226",1251,3,"Education",104604,1962,14
"1227",1252,6,"Education",116249,1976,14
"1228",1253,3,"Education",134748,1962,14
"1229",1254,2,"Education",24979,1952,14
"1230",1255,2,"Office",23702,1943,14
"1231",1256,2,"Office",37917,1947,14
"1232",1257,2,"Office",61274,1979,14
"1233",1258,7,"Education",273234,1984,14
"1234",1259,3,"Education",71088,1970,14
"1235",1260,3,"Office",86455,1972,14
"1236",1261,2,"Office",42942,1963,14
"1237",1262,3,"Office",65000,1955,14
"1238",1263,6,"Education",97838,1968,14
"1239",1264,2,"Education",33012,1948,14
"1240",1265,2,"Food sales and service",35605,1969,14
"1241",1266,2,"Public services",13469,1951,14
"1242",1267,2,"Education",138977,1964,14
"1243",1268,2,"Office",43007,1947,14
"1244",1269,2,"Healthcare",56388,1972,14
"1245",1270,2,"Entertainment/public assembly",18551,1949,14
"1246",1271,2,"Public services",20540,1950,14
"1247",1272,5,"Public services",247471,1978,14
"1248",1273,2,"Office",104089,1981,14
"1249",1274,2,"Office",17077,1948,14
"1250",1275,2,"Office",114166,1977,14
"1251",1276,3,"Office",53860,1972,14
"1252",1277,2,"Office",45240,1969,14
"1253",1278,2,"Education",79949,1975,14
"1254",1279,3,"Office",64743,1970,14
"1255",1280,3,"Lodging/residential",79900,1962,14
"1256",1281,6,"Office",103138,1968,14
"1257",1282,8,"Healthcare",12500,1974,14
"1258",1283,2,"Public services",76537,1965,14
"1259",1284,10,"Education",442438,1988,14
"1260",1285,2,"Healthcare",130067,1971,14
"1261",1286,6,"Healthcare",205472,1984,14
"1262",1287,3,"Education",60582,1959,14
"1263",1288,7,"Education",164206,1969,14
"1264",1289,7,"Education",194441,1976,14
"1265",1290,7,"Education",200442,1976,14
"1266",1291,7,"Office",237546,1970,14
"1267",1292,3,"Office",58196,1973,14
"1268",1293,2,"Office",51471,1973,14
"1269",1294,2,"Office",15649,1958,14
"1270",1295,3,"Office",115676,1979,14
"1271",1296,2,"Office",8836,1949,14
"1272",1297,2,"Office",21469,1945,14
"1273",1298,6,"Education",171084,1992,14
"1274",1299,2,"Education",25401,1948,14
"1275",1300,2,"Healthcare",25609,1950,14
"1276",1301,3,"Education",62242,1955,14
"1277",1302,3,"Office",90411,1967,14
"1278",1303,6,"Healthcare",2e+05,1969,14
"1279",1304,5,"Office",91363,1959,14
"1280",1305,2,"Lodging/residential",37803,1956,14
"1281",1306,2,"Lodging/residential",54172,1968,14
"1282",1307,3,"Lodging/residential",66013,1972,14
"1283",1308,3,"Lodging/residential",62279,1968,14
"1284",1309,2,"Lodging/residential",58041,1947,14
"1285",1310,2,"Lodging/residential",57274,1942,14
"1286",1311,2,"Lodging/residential",66794,1948,14
"1287",1312,3,"Lodging/residential",75000,1972,14
"1288",1313,5,"Healthcare",68637,1961,14
"1289",1314,6,"Education",73813,1984,14
"1290",1315,3,"Entertainment/public assembly",82789,1972,14
"1291",1316,2,"Entertainment/public assembly",49975,1947,14
"1292",1317,6,"Entertainment/public assembly",180806,1986,14
"1293",1318,2,"Entertainment/public assembly",73488,1965,14
"1294",1319,2,"Entertainment/public assembly",287419,1958,14
"1295",1320,3,"Entertainment/public assembly",34565,1970,14
"1296",1321,7,"Entertainment/public assembly",370024,1991,14
"1297",1322,3,"Entertainment/public assembly",166489,1965,14
"1298",1323,2,"Office",87200,1964,14
"1299",1324,3,"Entertainment/public assembly",84688,1940,14
"1300",1325,3,"Entertainment/public assembly",155177,1915,15
"1301",1326,3,"Office",46981,1962,15
"1302",1327,2,"Education",98125,2011,15
"1303",1328,6,"Education",279840,2008,15
"1304",1329,2,"Technology/science",60100,1912,15
"1305",1331,2,"Education",171008,1930,15
"1306",1332,2,"Education",47398,1912,15
"1307",1333,2,"Office",31316,1913,15
"1308",1334,3,"Office",130794,1933,15
"1309",1335,2,"Public services",136817,1953,15
"1310",1336,2,"Office",31053,1915,15
"1311",1337,2,"Office",14744,1910,15
"1312",1338,2,"Education",31415,1912,15
"1313",1339,2,"Education",140488,1961,15
"1314",1340,3,"Manufacturing/industrial",111518,1968,15
"1315",1341,2,"Education",18342,1960,15
"1316",1342,3,"Education",116854,1978,15
"1317",1343,2,"Office",110380,1985,15
"1318",1344,5,"Education",125507,1974,15
"1319",1345,2,"Education",20889,1976,15
"1320",1346,2,"Education",34875,1993,15
"1321",1347,8,"Education",322341,1995,15
"1322",1348,7,"Education",131271,2010,15
"1323",1350,7,"Education",149762,2004,15
"1324",1351,3,"Office",40611,1943,15
"1325",1352,3,"Office",42755,1972,15
"1326",1353,2,"Religious worship",22201,1958,15
"1327",1355,2,"Education",50567,1948,15
"1328",1356,3,"Education",91253,1974,15
"1329",1357,2,"Office",21618,1955,15
"1330",1358,3,"Lodging/residential",61439,1903,15
"1331",1359,3,"Education",124289,1904,15
"1332",1360,3,"Entertainment/public assembly",111530,1988,15
"1333",1361,2,"Education",233863,1921,15
"1334",1362,3,"Education",113988,1923,15
"1335",1363,3,"Office",157933,1932,15
"1336",1364,3,"Utility",74922,1940,15
"1337",1365,2,"Lodging/residential",129664,1941,15
"1338",1366,3,"Office",87977,1947,15
"1339",1367,3,"Education",33695,1948,15
"1340",1368,3,"Entertainment/public assembly",199037,1949,15
"1341",1369,2,"Entertainment/public assembly",53194,1953,15
"1342",1370,2,"Education",4773,1945,15
"1343",1371,2,"Public services",50577,1956,15
"1344",1375,3,"Office",115288,1957,15
"1345",1376,2,"Public services",240026,1960,15
"1346",1377,3,"Education",74599,1984,15
"1347",1378,8,"Education",214505,1990,15
"1348",1379,3,"Office",49553,1963,15
"1349",1380,6,"Education",204029,2010,15
"1350",1381,3,"Office",84615,1963,15
"1351",1382,6,"Public services",243072,1965,15
"1352",1383,3,"Education",105612,1967,15
"1353",1384,2,"Education",56969,1967,15
"1354",1386,3,"Entertainment/public assembly",82035,1975,15
"1355",1387,2,"Office",187041,1973,15
"1356",1389,2,"Entertainment/public assembly",17104,1953,15
"1357",1390,2,"Entertainment/public assembly",93608,1951,15
"1358",1391,3,"Entertainment/public assembly",68693,1956,15
"1359",1392,3,"Entertainment/public assembly",76153,1963,15
"1360",1393,3,"Entertainment/public assembly",151900,1990,15
"1361",1394,2,"Entertainment/public assembly",16351,2002,15
"1362",1395,3,"Lodging/residential",98624,1972,15
"1363",1396,3,"Lodging/residential",96336,1913,15
"1364",1398,2,"Lodging/residential",20291,1925,15
"1365",1399,3,"Lodging/residential",166814,1929,15
"1366",1400,2,"Lodging/residential",21168,1928,15
"1367",1401,3,"Lodging/residential",168791,1946,15
"1368",1402,3,"Lodging/residential",133594,1961,15
"1369",1403,3,"Lodging/residential",78438,2004,15
"1370",1404,2,"Lodging/residential",169290,2006,15
"1371",1405,2,"Lodging/residential",142901,2007,15
"1372",1406,3,"Lodging/residential",136522,2005,15
"1373",1407,3,"Lodging/residential",83141,2006,15
"1374",1408,2,"Entertainment/public assembly",28760,2007,15
"1375",1409,3,"Lodging/residential",48881,1902,15
"1376",1410,2,"Office",11524,1994,15
"1377",1411,2,"Education",9111,1958,15
"1378",1412,3,"Lodging/residential",39538,1953,15
"1379",1413,2,"Lodging/residential",65999,1975,15
"1380",1414,3,"Lodging/residential",65663,1975,15
"1381",1415,2,"Lodging/residential",40492,1975,15
"1382",1416,2,"Lodging/residential",41236,1975,15
"1383",1417,2,"Lodging/residential",40451,1975,15
"1384",1418,2,"Lodging/residential",41302,1975,15
"1385",1419,2,"Lodging/residential",40629,1975,15
"1386",1420,2,"Entertainment/public assembly",95079,1975,15
"1387",1421,3,"Education",47934,1960,15
"1388",1422,2,"Lodging/residential",19876,1932,15
"1389",1423,2,"Lodging/residential",18277,1965,15
"1390",1424,2,"Lodging/residential",24103,1964,15
"1391",1425,3,"Utility",4071,1990,15
"1392",1427,2,"Education",180625,1933,15
"1393",1428,2,"Education",28432,1933,15
"1394",1429,2,"Education",40461,2002,15
"1395",1430,6,"Office",53303,1981,15
"1396",1431,3,"Public services",111360,2000,15
"1397",1432,6,"Education",160673,1968,15
"1398",1433,2,"Education",28084,1913,15
"1399",1434,2,"Education",33148,1967,15
"1400",1435,2,"Education",9552,1961,15
"1401",1436,2,"Manufacturing/industrial",11302,1937,15
"1402",1437,5,"Education",111518,1968,15
"1403",1438,3,"Education",108971,1990,15
"1404",1439,2,"Education",56497,1957,15
"1405",1440,3,"Lodging/residential",150294,1987,15
"1406",1441,4,"Education",30143,1951,15
"1407",1442,2,"Public services",99541,1993,15
"1408",1443,3,"Education",40311,1913,15
"1409",1444,2,"Entertainment/public assembly",19619,1914,15
"1410",1445,2,"Education",4298,1958,15
"1411",1446,2,"Entertainment/public assembly",11265,1997,15
"1412",1447,2,"Lodging/residential",29775,2001,15
"1413",1448,2,"Office",92271,2001,15
